id,firm,contact_person,segment,sub_sector,region,size_signal,email,email_type,website,linkedin,phone,public_tender,conversion_estimate,conversion_rationale,source,verification_status,status,notes
L-0001,Tsaks Consulting,Jason Cooney,Consultancy,consultancy,London,"85% win, London office, gov specialists",info@tsaksconsulting.com,domain,tsaksconsulting.com,not_found,not_found,n/a,High,Only consultancy with a public email; decides fast; bids daily,traction-research.md,partial,Not contacted,Reachable by email now despite LinkedIn lockout | re-verified: Jason Cooney confirmed founder; exact email not visible on page
L-0002,Tender Victory,Vicki Stewart,Consultancy,consultancy,South West,SME-majority clients; founder ex public-sector buyer (MCIPS),not_found,none,not_found,/in/vicki-stewart-42a58a2a,07971 526587,n/a,High,Top validator (scored bids from the buyer side); phone is public; founder-led fast decision,traction-research.md,partial,Not contacted,Has a public phone number - callable without LinkedIn
L-0003,Thornton & Lowe,Dave Thornton,Consultancy,consultancy,Bolton,"~48 staff, largest UK SME bid consultancy",hello@thorntonandlowe.com,domain,thorntonandlowe.com,/in/dave-thornton-56833625,not_found,n/a,High,"Public email confirmed; largest UK SME consultancy - headline-quote target, reachable now",thorntonandlowe.com/contact,verified,Not contacted,Draft ready (crm/drafts/L-0003.md). Generic inbox - warm-engage Dave's posts too | re-verified: hello@ confirmed live; Dave Thornton not shown on page
L-0004,Executive Compass,Neil Capstick,Consultancy,consultancy,Newcastle,"est 2009, 7,000+ bids, social-value lead",info@executivecompass.co.uk,domain,executivecompass.co.uk,/in/tenderwriter,not_found,n/a,High,Public email confirmed; auditability/social-value angle fits; reachable now,executivecompass.co.uk/contact,partial,Not contacted,Draft ready (crm/drafts/L-0004.md) | re-verified: info@ confirmed; Neil Capstick not among listed leadership
L-0005,BFT Consult,Ian Evans,Consultancy,consultancy,Liverpool,"80%+ win, GBP950m+; H&SC specialist",info@bftconsult.com,domain,bftconsult.com,/in/evansi,not_found,n/a,High,Public email confirmed; H&SC specialist - pair with a care-framework ITT,bftconsult.com/contact,partial,Not contacted,"Draft ready (crm/drafts/L-0005.md) | re-verified: info@ confirmed; only first name Ian shown, surname unconfirmed"
L-0006,Della Pip,Katrina Gibson,Consultancy,consultancy,UK,"founder-led, 15+ yrs, care sector",not_found,none,not_found,/in/katrina-gibson-2278516b,not_found,n/a,Medium,Care-sector director; LinkedIn-only,traction-research.md,partial,Not contacted,H&SC specialist
L-0007,Silverlock Tenders,Dewi Hughes,Consultancy,consultancy,UK,small/independent,not_found,none,not_found,/in/dewihughes,not_found,n/a,Medium,"Solo - replies personally, tries on a live bid; LinkedIn-only",traction-research.md,partial,Not contacted,Fast personal reply likely
L-0008,Tenders UK,Christopher Martin,Consultancy,consultancy,UK,"est 2008, 4,000+ bids, care/FM",not_found,none,not_found,/in/winmoretenders,not_found,n/a,Medium,Care/FM specialist; LinkedIn-only,traction-research.md,partial,Not contacted,Live demo on a sector ITT
L-0009,Independent (Stuart Reed),Stuart Reed,Consultancy,freelance,UK,solo bid-writing expert,not_found,none,not_found,/in/stuart-reed,not_found,n/a,Medium,"Solo, active, fast personal reply; LinkedIn-only",traction-research.md,unverified,Not contacted,Try website/Gmail before LinkedIn
L-0010,Independent (Julian Clarke),Julian Clarke,Consultancy,freelance,UK,"solo, helps SMEs",not_found,none,not_found,/in/julian-clarke-a156bb50,not_found,n/a,Medium,"Solo, personal reply likely; LinkedIn-only",traction-research.md,unverified,Not contacted,
L-0011,Think Tenders,Amanda Goode,Consultancy,consultancy,Birmingham,"freelance, multi-award SME bid shop",amanda@thinktenders.co.uk,domain,thinktenders.co.uk,/in/thinktenders,not_found,n/a,High,"Founder-direct email confirmed - best kind of inbox; freelance, fast personal reply",thinktenders.co.uk/contact,verified,Not contacted,"Draft ready (crm/drafts/L-0011.md). amanda@ goes straight to the founder | re-verified: amanda@ confirmed live, Amanda Goode is principal"
L-0012,Complete Tenders,Matt Smith,Consultancy,consultancy,Welwyn Garden City,"est 2015, SME-focused, NHS+council wins",info@completetenders.com,domain,completetenders.com,/in/mattsmith-completetenders,not_found,n/a,High,Public email confirmed (peer J-028); SME-focused; can cross-refer SME clients (e.g. Garioch),completetenders.com,verified,Not contacted,Draft ready (crm/drafts/L-0012.md) | re-verified: info@ confirmed; Matthew Smith listed as Managing Director
L-0013,Hudson Succeed,John Hudson,Consultancy,consultancy,UK,"2,000+ clients, COO-led",hi@tenderconsultants.co.uk,domain,hudsonsucceed.com,/in/johnhudson3,not_found,n/a,Medium,"High-volume validator and larger/slower, but now email-reachable via Hudson Succeed contact page",https://www.tenderconsultants.co.uk/contact/,verified,Not contacted,re-verified: official Hudson Succeed contact page shows hi@tenderconsultants.co.uk and hello@hudsonoutsourcing.co.uk
L-0014,GovData,Chris Hugo,Consultancy,consultancy,Warrington,"est 2006, 1,800+ clients",hello@govdata.co.uk,domain,govdata.co.uk,/in/christian-hugo-11059311,not_found,n/a,Medium,"Public email confirmed; partnership/validator channel, bigger/slower firm",govdata.co.uk/contact,partial,Not contacted,Draft ready (crm/drafts/L-0014.md) | re-verified: hello@ not found live; site shows Cloudflare-protected addr + winbusiness@govdata.co.uk
L-0015,Bid Writer Consultancy,Sharon Welch,Consultancy,consultancy,UK,"freelancer collective, markets AI bid support",not_found,none,not_found,/company/bid-writer-consultancy,not_found,n/a,Medium,Already receptive to AI framing; personal handle ambiguous,traction-research.md,unverified,Not contacted,Reach via company page
L-0016,BidRight UK,Robin Clarkson,Consultancy,consultancy,UK,"13+ yrs, GBP200m+ secured, SME/not-for-profit",info@bidrightuk.co.uk,domain,bidrightuk.co.uk,not_found,not_found,n/a,High,"Public email confirmed; H&SC/education/training focus, SME-aligned",bidrightuk.co.uk/contact,partial,Not contacted,Draft ready (crm/drafts/L-0016.md) | re-verified: info@ confirmed live; Robin Clarkson not found on page or web
L-0017,Bid Writing Service (Barkers),Mike Baron,Consultancy,consultancy,Manchester/Usk,"award-winning, public sector/NHS",info@bidwritingservice.com,domain,bidwritingservice.com,not_found,not_found,n/a,Low,Public email confirmed; bigger firm but reachable now,bidwritingservice.com/contact,partial,Not contacted,"Draft ready (crm/drafts/L-0017.md) | re-verified: email confirmed but firm shows as Bid Writing Service; no Barkers/Mike Baron link found, conversion lowered"
L-0018,Glaxtons Consulting,Richmond Gordon,Consultancy,consultancy,UK,"pricing from GBP950, CCS/NHS frameworks",info@glaxtons.co.uk,domain,glaxtons.co.uk,not_found,not_found,n/a,High,Public email confirmed; reachable now (pricing benchmark from GBP950),glaxtons.co.uk/contact,verified,Not contacted,"Draft ready (crm/drafts/L-0018.md) | re-verified: info@ confirmed; Richmond Gordon verified as Director via LinkedIn, upgraded to High"
L-0019,Joghide Ltd,not_found,SME,care,Herefordshire,SME domiciliary care framework awardee,not_found,none,not_found,not_found,not_found,Herefordshire Secondary Home Care framework,Medium,Real SME care awardee; pair with the framework ITT; contact TBD,traction-research.md,unverified,Not contacted,Find registered manager + email
L-0020,MC&DS Ltd,not_found,SME,care,Herefordshire,SME domiciliary care framework awardee,not_found,none,not_found,not_found,not_found,Herefordshire Secondary Home Care framework,Medium,Real SME care awardee; contact TBD,traction-research.md,unverified,Not contacted,
L-0021,Care at Home Group,not_found,SME,care,St Helens,SME on St Helens domiciliary approved list,not_found,none,nightingalesuk.co.uk,not_found,not_found,St Helens Domiciliary Care Approved List 2025/26,Medium,Council list publishes registered manager + contact; demo on St Helens ITT,cahg.co.uk 301-redirects to nightingalesuk.co.uk,unverified,Not contacted,Rebranded to Nightingales UK. Email likely on St Helens approved-list PDF
L-0022,Lumina Care,not_found,SME,care,St Helens,SME on St Helens domiciliary approved list,not_found,none,not_found,not_found,not_found,St Helens Domiciliary Care Approved List 2025/26,Medium,Contact on public council list,traction-research.md,unverified,Not contacted,
L-0023,Able Support,not_found,SME,care,St Helens,SME on St Helens domiciliary approved list,not_found,none,not_found,not_found,not_found,St Helens Domiciliary Care Approved List 2025/26,Medium,Contact on public council list,traction-research.md,unverified,Not contacted,
L-0024,Yes Care,not_found,SME,care,St Helens,SME on St Helens domiciliary approved list,not_found,none,not_found,not_found,not_found,St Helens Domiciliary Care Approved List 2025/26,Medium,Contact on public council list,traction-research.md,unverified,Not contacted,
L-0025,Bluebird Care St Helens,not_found,SME,care,St Helens,local franchise on St Helens approved list,not_found,none,not_found,not_found,not_found,St Helens Domiciliary Care Approved List 2025/26,Low,Franchise (may defer to national); contact on council list,traction-research.md,unverified,Not contacted,
L-0026,Computeam,not_found,SME,it-msp,UK,SME education ICT managed service,info@computeam.co.uk,domain,computeam.co.uk,not_found,not_found,academy-trust/MAT ICT managed service,High,"Public email confirmed; SME education MSP, bids MAT ICT contracts",computeam.co.uk/contact,verified,Not contacted,"Draft ready (crm/drafts/L-0026.md) | re-verified: info@ confirmed live; legit 25-yr education IT MSP, accredited"
L-0027,Classroom365,not_found,SME,it-msp,UK,SME education ICT managed service,info@classroom365.co.uk,domain,classroom365.co.uk,not_found,not_found,academy-trust/MAT ICT managed service,Medium,Bids for MAT ICT contracts; public email confirmed,classroom365.co.uk/contact,verified,Not contacted,"Real domain is .co.uk (.com is unrelated) | re-verified: info@ confirmed live; registered education IT firm, ISO/ICO certified"
L-0028,Croft,not_found,SME,it-msp,UK,SME education MSP,not_found,none,croftmsp.com,not_found,not_found,academy-trust/MAT ICT managed service,Medium,Bids for MAT ICT contracts,croftmsp.com/contact,unverified,Not contacted,Emails Cloudflare-protected (visible in browser); use contact form
L-0029,Soltech IT,not_found,SME,it-msp,UK,SME education MSP,not_found,none,not_found,not_found,not_found,academy-trust/MAT ICT managed service,Medium,Bids for MAT ICT contracts,traction-research.md,unverified,Not contacted,
L-0030,Primary Technology,not_found,SME,it-msp,UK,SME education MSP,hello@primaryt.co.uk,domain,primaryt.co.uk,not_found,not_found,academy-trust/MAT ICT managed service,High,"Public email confirmed; SME education MSP, bids MAT ICT contracts",primaryt.co.uk/contact,verified,Not contacted,Draft ready (crm/drafts/L-0030.md). Real domain primaryt.co.uk | re-verified: hello@ confirmed live; registered Bradford-based education IT MSP
L-0031,Brightr,not_found,SME,cleaning,Northampton,regional SME school cleaner,not_found,none,not_found,not_found,not_found,school cleaning contracts,Medium,Regional SME cleaner; find contact on site,traction-research.md,unverified,Not contacted,
L-0032,Garioch Cleaning,not_found,SME,cleaning,Aberdeenshire,won all 6 lots Aberdeenshire void-property cleaning,not_found,none,not_found,not_found,not_found,Aberdeenshire Council void-property cleaning,High,Active public-sector winner AND a Complete Tenders client (warm cross-referral via Matt Smith/L-0012),traction-research.md,unverified,Not contacted,Warm intro path via L-0012
L-0033,Fuelling Minds Catering Management,David Anderson,SME,catering,UK,"new (Apr 2025) SME caterer, ex-MD Wilson Vale",not_found,none,not_found,not_found,not_found,Discovery Educational Trust catering ITT (FTS 076817-2025),Medium,Named founder; hungry new SME; pair with the Discovery Trust ITT,traction-research.md,unverified,Not contacted,
L-0034,Culinera,not_found,SME,catering,Southern England,premium school catering SME,not_found,none,not_found,not_found,not_found,school catering contracts,Medium,SME school caterer; find contact on site,traction-research.md,unverified,Not contacted,
L-0035,Alliance in Partnership (AiP),not_found,SME,catering,UK,education catering SME,not_found,none,not_found,not_found,not_found,school catering contracts,Medium,Education caterer; find contact on site,traction-research.md,unverified,Not contacted,
L-0036,Accent Catering,not_found,SME,catering,UK,on Hampshire CC schools catering framework,not_found,none,not_found,not_found,not_found,Hampshire CC GBP16m schools catering framework,Medium,Framework bidder; pair with Hampshire mini-comp,traction-research.md,unverified,Not contacted,
L-0037,Aspens Services,not_found,SME,catering,UK,on Hampshire CC schools catering framework,not_found,none,not_found,not_found,not_found,Hampshire CC GBP16m schools catering framework,Medium,Framework bidder,traction-research.md,unverified,Not contacted,
L-0038,Caterlink,not_found,SME,catering,UK,on Hampshire CC schools catering framework,not_found,none,not_found,not_found,not_found,Hampshire CC GBP16m schools catering framework,Medium,Framework bidder,traction-research.md,unverified,Not contacted,
L-0039,Edwards & Ward,not_found,SME,catering,UK,on Hampshire CC schools catering framework,not_found,none,not_found,not_found,not_found,Hampshire CC GBP16m schools catering framework,Medium,Framework bidder,traction-research.md,unverified,Not contacted,
L-0040,Harrison Catering,not_found,SME,catering,UK,on Hampshire CC schools catering framework,not_found,none,not_found,not_found,not_found,Hampshire CC GBP16m schools catering framework,Medium,Framework bidder,traction-research.md,unverified,Not contacted,
L-0041,Innovate Services,not_found,SME,catering,UK,on Hampshire CC schools catering framework,not_found,none,not_found,not_found,not_found,Hampshire CC GBP16m schools catering framework,Medium,Framework bidder,traction-research.md,unverified,Not contacted,
L-0042,Fareport Training,not_found,SME,training,UK,Ofsted Good; apprenticeships + bootcamps,fareport@fareport.co.uk,domain,fareport.co.uk,not_found,not_found,Skills Bootcamps / DPS2,High,"Public email confirmed; bids constantly into bootcamps, reachable now",fareport.co.uk/contact-us,unverified,Not contacted,Cloudflare-protected: decoded general-enquiries = fareport@fareport.co.uk. Draft L-0042.md may use hello@ - reconcile before sending | re-verified: neither fareport@ nor hello@ confirmed live; only info@fareport.co.uk surfaced via search
L-0043,Runway Training,not_found,SME,training,Kent,"Ofsted Good, independent",not_found,none,runwaytraining.co.uk,not_found,01732 402402,Skills Bootcamps / DPS2,Medium,"Independent SME provider, but no usable general email confirmed on the live contact page",https://www.runwaytraining.co.uk/contact-us/,partial,Not contacted,Draft ready (crm/drafts/L-0043.md). Public phone 01732 402402 + Tonbridge address | re-verified: info@ not found live; safeguarding@ exists but is not an outreach address
L-0044,Agile Guarding,not_found,SME,security,UK,regional SME manned guarding,not_found,none,not_found,not_found,not_found,ESPO / CCS RM6257 security frameworks,Medium,Regional SME security bidder; find contact on site,traction-research.md,unverified,Not contacted,
L-0045,Cleanscapes Ltd,not_found,SME,grounds,UK,on Grounds Maintenance Services Framework (Jan 2025),not_found,none,not_found,not_found,not_found,Grounds Maintenance Services Framework,Medium,Framework awardee; find contact on site,traction-research.md,unverified,Not contacted,
L-0046,Countrywide Grounds Maintenance Ltd,not_found,SME,grounds,UK,on Grounds Maintenance Services Framework (Jan 2025),not_found,none,not_found,not_found,not_found,Grounds Maintenance Services Framework,Medium,Framework awardee,traction-research.md,unverified,Not contacted,
L-0047,Gould Landscapes Ltd,not_found,SME,grounds,UK,on Grounds Maintenance Services Framework (Jan 2025),not_found,none,not_found,not_found,not_found,Grounds Maintenance Services Framework,Medium,Framework awardee,traction-research.md,unverified,Not contacted,
L-0101,Bid & Tender Support,not_found,Consultancy,consultancy,"Olney, Buckinghamshire",single office; public/private/third sector,info@bidandtendersupport.co.uk,domain,bidandtendersupport.co.uk,not_found,not_found,n/a,High,"Small bid consultancy with public email; bids daily, decides fast",bidandtendersupport.co.uk,verified,Not contacted,"Draft ready (crm/drafts/L-0101.md). Email-first lead-gen find (J) | re-verified: email confirmed live on site, established consultancy"
L-0102,TenderHelp,not_found,Consultancy,consultancy,UK,bid/tender writing + management consultancy,help@tenderhelp.co.uk,domain,tenderhelp.co.uk,not_found,not_found,n/a,Medium,"Genuine bid consultancy, reachable by email; size unconfirmed",tenderhelp.co.uk/contact,verified,Not contacted,"Draft ready (crm/drafts/L-0102.md). Email-first lead-gen find (J) | re-verified: email confirmed, ICO-registered Norwich consultancy"
L-0103,AM Bid,not_found,Consultancy,consultancy,"Edinburgh, Scotland",established award-winning Scottish bid firm,info@ambid.co.uk,domain,ambid.co.uk,not_found,not_found,n/a,Medium,"Established Scottish bid consultancy; reachable by email, bigger/slower",ambid.co.uk/contact-details-2,verified,Not contacted,"Draft ready (crm/drafts/L-0103.md). Email-first lead-gen find (J) | re-verified: email confirmed, Edinburgh bid consultancy real"
L-0104,UK Bid Writer,Lyndsey Wray,Consultancy,consultancy,Cumbria,"small/solo independent, founder-led",lyndsey@ukbidwriter.com,domain,ukbidwriter.com,not_found,not_found,n/a,High,"Founder-direct email (best inbox); small/solo SME-tendering specialist, decides fast",ukbidwriter.com/contact,verified,Not contacted,"Draft ready (crm/drafts/L-0104.md). lyndsey@ goes straight to the founder. Email-first lead-gen find (J) | re-verified: Lyndsey Wray confirmed, now under Lyndsey Wray Consultancy"
L-0105,Clean4Shaw,not_found,SME,cleaning,"Corby, Northamptonshire","SME/independent, est 2012, regional",sales@clean4shaw.com,domain,clean4shaw.com,not_found,01536 216153,school/council cleaning contracts,Medium,Regional SME school cleaner with public email; bids education cleaning,clean4shaw.com,verified,Not contacted,"Draft ready (crm/drafts/L-0105.md). sales@ generic inbox. Email-first lead-gen find (J) | re-verified: email confirmed, established Corby cleaning firm"
L-0106,ProKleen UK,not_found,SME,cleaning,Milton Keynes,"SME/independent, 20+ yrs, regional, multi-award",info@prokleenuk.com,domain,prokleenuk.com,not_found,not_found,school/academy cleaning contracts,Medium,Established regional SME cleaner with public email; bids school/academy cleaning,prokleenuk.com,verified,Not contacted,"Draft ready (crm/drafts/L-0106.md). Email-first lead-gen find (J) | re-verified: email confirmed, 20+yr Milton Keynes cleaner, ISO9001"
L-0107,Ever Brite Cleaning,not_found,SME,cleaning,"Aylesbury, Buckinghamshire","SME/independent, cleaning + grounds, multi-region",enquiry@everbritecleaning.co.uk,domain,everbritecleaning.co.uk,not_found,not_found,school/education cleaning + grounds contracts,Medium,SME cleaning + grounds provider with public email; bids education contracts,everbritecleaning.co.uk,verified,Not contacted,"Draft ready (crm/drafts/L-0107.md). enquiry@ generic inbox. Email-first lead-gen find (J) | re-verified: email confirmed, multi-site firm, CCS framework supplier"
L-0108,Paul Tootill Landscaping,not_found,SME,grounds,Greater Manchester,"SME/independent, NW landscaping, offices S Manchester + Oldham",enquiries@paultootilllandscaping.co.uk,domain,paultootilllandscaping.co.uk,not_found,07889 972294,school grounds maintenance contracts,Medium,SME school-grounds maintainer (NW) with public email; bids education grounds contracts,paultootilllandscaping.co.uk/contact,verified,Not contacted,"Draft ready (crm/drafts/L-0108.md). Email-first lead-gen find (J) | re-verified: email confirmed, established Manchester landscaping firm"
L-0109,N J Pacey Landscaping,not_found,SME,grounds,"Crowland, Peterborough","family-run SME, founded 1987",enquiry@njpaceylandscaping.co.uk,domain,njpaceylandscaping.co.uk,not_found,01406 380783,school grounds maintenance contracts,Medium,"Family-run SME grounds firm with public email; 30+ yrs, bids school grounds",njpaceylandscaping.co.uk,verified,Not contacted,"Draft ready (crm/drafts/L-0109.md). Email-first lead-gen find (J) | re-verified: email confirmed, founded 1987, accredited grounds firm"
L-0110,Alben Landscapes,not_found,SME,grounds,"Leyland, Lancashire","family-run SME, 23+ yrs, NW school grounds",info@albenlandscapes.co.uk,domain,albenlandscapes.co.uk,not_found,not_found,school grounds maintenance contracts,Medium,"Family-run SME grounds firm (NW) with public email; bids school grounds, managed contracts",albenlandscapes.co.uk,verified,Not contacted,"Draft ready (crm/drafts/L-0110.md). Email-first lead-gen find (J) | re-verified: email confirmed, 23yr Lancashire landscaper, major clients"
L-0111,Yes Chef Catering,Kevin Burn,SME,catering,"Pitstone, Buckinghamshire","independent SME, owner-operator (Kevin Burn, 30+ yrs chef), local state schools",yeschefcatering@tiscali.co.uk,other,yeschefcateringltd.co.uk,not_found,07854 193595,state school meals contracts,Medium,"Owner-operator (Kevin Burn) reads the inbox; SME caterer to state schools, reachable now",yeschefcateringltd.co.uk,verified,Not contacted,"Draft ready (crm/drafts/L-0111.md). Owner-direct (tiscali) inbox - Kevin reads it. Email-first lead-gen find (J) | re-verified: Kevin Burn confirmed founder, tiscali email present on site"
L-0112,Independent Catering,not_found,SME,catering,"Sevenoaks, Kent","independent SME, est 1996, 100+ state schools Kent/Surrey/Sussex",info@independentcatering.co.uk,domain,independentcatering.co.uk,not_found,not_found,state school meals contracts,Medium,Established SME caterer to 100+ state schools with public email; bids education catering,independentcatering.co.uk,verified,Not contacted,"Draft ready (crm/drafts/L-0112.md). Email-first lead-gen find (J) | re-verified: email confirmed, 28yr Kent school caterer, 100+ schools"
L-0113,Independent Fire Risk Assessments,not_found,SME,fire-safety,Bristol & London,"independent SME, 15+ yrs, no supplier affiliations",info@independent-fras.co.uk,domain,independent-fras.co.uk,not_found,0800 464 7380,school/education fire-risk-assessment contracts,Medium,Independent SME fire-risk assessor for schools/education with public email; bids FRA contracts,independent-fras.co.uk,verified,Not contacted,"Draft ready (crm/drafts/L-0113.md). Email-first lead-gen find (J) | re-verified: email confirmed, accredited fire risk assessor, Co. House no. shown"
L-0114,MD Fire,not_found,SME,fire-safety,London & Surrey,"SME (MDBS Electrical Ltd), BAFE-registered, schools & education",info@mdfire.co.uk,domain,mdfire.co.uk,not_found,not_found,school/education fire-risk-assessment contracts,Medium,SME BAFE-registered FRA firm for schools with public email; bids education FRA contracts,mdfire.co.uk,verified,Not contacted,"Draft ready (crm/drafts/L-0114.md). Email-first lead-gen find (J) | re-verified: email confirmed, BAFE/NICEIC accredited London fire safety firm"
L-0115,DRE Pest Control,not_found,SME,pest-control,"Swavesey, Cambridgeshire","family firm since 1974, SME",info@drepestcontrol.co.uk,domain,drepestcontrol.co.uk,not_found,not_found,council/school pest-control contracts,Medium,Family-run SME pest controller serving schools/colleges/hospitals with public email; bids public-sector contracts,drepestcontrol.co.uk/services/contracts,verified,Not contacted,"Draft ready (crm/drafts/L-0115.md). Email-first lead-gen find (J) | re-verified: email confirmed, BPCA member since 1974, contracts page live"
L-0116,ROCMEP,not_found,SME,building-maintenance,Crawley & London,"independent M&E contractor, education sector",hello@rocmep.co.uk,domain,rocmep.co.uk,not_found,not_found,school/academy M&E contracts,Medium,Independent M&E contractor for schools/academies with public email; bids education M&E,rocmep.co.uk/contact,verified,Not contacted,"Draft ready (crm/drafts/L-0116.md). Email-first lead-gen find (J) | re-verified: email confirmed, ISO-certified M&E contractor, two offices"
L-0117,Cooper Weston,not_found,SME,building-maintenance,"Horsham, West Sussex",SME specialist M&E contractor; schools/colleges/local government (London/Sussex/Surrey),cooper@cooperweston.co.uk,domain,cooperweston.co.uk,not_found,0800 669 6229,school/college + local government M&E contracts,Medium,SME M&E contractor for schools/colleges/local government with public email; bids education/LA M&E,cooperweston.co.uk/contact-us,partial,Not contacted,"Draft ready (crm/drafts/L-0117.md). Email decoded char-by-char. Email-first lead-gen find (J) | re-verified: firm real (reg. group) but email Cloudflare-obfuscated, unconfirmed"
L-0118,AWO Recycling,not_found,SME,waste,"Ramsey, Cambridgeshire","family-owned SME (est 2006), 2nd/3rd generation",enquiries@aworecycling.co.uk,domain,aworecycling.co.uk,not_found,not_found,commercial/public-sector waste (subcontracts to Amey),Medium,Family-run SME waste/recycling firm with public email; public-sector via Amey subcontracting (indirect),aworecycling.co.uk,verified,Not contacted,"Draft ready (crm/drafts/L-0118.md). Public-sector tie indirect (via Amey). Email-first lead-gen find (J) | re-verified: email confirmed, family waste/recycling firm since 2006"
L-0119,Kittle Group,not_found,Consultancy,consultancy,"Reading, Berkshire","SME bid/proposal consultancy, since 2014",hello@kittle-group.com,domain,kittle-group.com,not_found,not_found,n/a,Medium,"SME bid consultancy with public email; reachable, size unconfirmed",kittle-group.com/contact,verified,Not contacted,"Draft ready (crm/drafts/L-0119.md). Email-first lead-gen find (J) | re-verified: email confirmed, Reading consultancy, Co. No. 09356376 shown"
L-0120,Learning Hive,not_found,SME,send-ap,"East London (Hackney, Becontree)","SME AP/tuition provider; school/LA-referred, NTP partner, DfE HAF",info@learninghive.co.uk,domain,learninghive.co.uk,not_found,not_found,LA alternative-provision / SEND tuition contracts,Medium,SME AP provider commissioned by schools/LAs with public email; bids AP/SEND contracts,learninghive.co.uk/alternative-provision,verified,Not contacted,"Draft ready (crm/drafts/L-0120.md). Email-first lead-gen find (J) | re-verified: info@ link confirmed, DfE-partnered alternative provision org"
L-0121,Just Learn,not_found,SME,send-ap,"Mitcham, London","SME AP/tuition provider; EHCP + LAC/CLA, mixed public/private",info@justlearn.org.uk,domain,justlearn.org.uk,not_found,not_found,"LA alternative-provision / SEND tuition contracts (EHCP, LAC/CLA)",Medium,SME AP/tuition provider serving EHCP + looked-after children with public email; bids LA AP/SEND,justlearn.org.uk/alternative-provision-tuition,verified,Not contacted,"Draft ready (crm/drafts/L-0121.md). Mixed public/private revenue. Email-first lead-gen find (J) | re-verified: email confirmed on page, real AP tuition firm"
L-0122,Fair Futures CIC,not_found,SME,send-ap,"Bury, Greater Manchester",SME CIC; Bury Council AP + NW SEND/AP Framework partner,fairfutures@outlook.com,other,fairfuturescic.org,not_found,07731 402276,LA alternative-provision / SEMH framework contracts,Medium,SME CIC commissioned by Bury Council + on NW SEND/AP framework; reachable now,fairfuturescic.org/about-5-1,verified,Not contacted,"Draft ready (crm/drafts/L-0122.md). Owner-read outlook inbox. Email-first lead-gen find (J) | re-verified: email confirmed multiple times, genuine CIC Bury"
L-0123,Golden Circle Tutors,not_found,SME,send-ap,London SW11,SME tutoring; LA-funded EHCP home schooling + private,contactus@goldencircletutors.co.uk,domain,goldencircletutors.co.uk,not_found,not_found,LA-funded EHCP/EOTAS tuition contracts,Medium,SME tutoring firm LA-commissioned for EHCP students with public email; bids EOTAS/EHCP,goldencircletutors.co.uk/local-authority-funded-home-schooling-for-students-with-ehcps,verified,Not contacted,"Draft ready (crm/drafts/L-0123.md). Email-first lead-gen find (J) | re-verified: email confirmed, Co. No. 10917376 cited on page"
L-0124,SEND Tutoring,not_found,SME,send-ap,London,SME tutoring; LA EOTAS/EHCP + private,info@sendtutoring.co.uk,domain,sendtutoring.co.uk,not_found,not_found,LA EOTAS/EHCP tuition packages,Medium,SME EOTAS provider commissioned by LAs with public email; bids EHCP packages,sendtutoring.co.uk/how-we-can-help/eotas-packages,verified,Not contacted,"Draft ready (crm/drafts/L-0124.md). Email-first lead-gen find (J) | re-verified: email confirmed, Co. No. 14028262, UKPRN listed"
L-0125,SENsational Tutors,not_found,SME,send-ap,UK-wide,SME tutoring agency; LA EHCP/EOTAS + private,enquiries@sensationaltutors.co.uk,domain,sensationaltutors.co.uk,not_found,not_found,LA EHCP/EOTAS tuition contracts,Medium,SME tutoring agency LA-commissioned for EHCP/EOTAS with public email,sensationaltutors.co.uk/eotas-packages,verified,Not contacted,"Draft ready (crm/drafts/L-0125.md). Email-first lead-gen find (J) | re-verified: email confirmed, Co. No. 10749192 on page"
L-0126,Bright Heart Education,not_found,SME,send-ap,London + online nationwide,"SME tutoring agency; AP provider to many LAs, NTP, councils",hello@brightheart.co.uk,domain,brightheart.co.uk,not_found,not_found,LA alternative-provision / EHCP tuition contracts,Medium,SME AP/tuition provider to many LAs with public email; bids AP/EHCP contracts,brightheart.co.uk,verified,Not contacted,"Draft ready (crm/drafts/L-0126.md). Email-first lead-gen find (J) | re-verified: email confirmed, Co. No. 11179043, ex-NTP provider"
L-0127,London Speech Therapy,not_found,SME,slt,London,"independent SME SLT practice; many London LEAs, 40+ schools",enquiries@londonspeechtherapy.co.uk,domain,londonspeechtherapy.co.uk,not_found,not_found,school/LA speech-&-language-therapy + EHCP contracts,Medium,Independent SME SLT working with London LEAs/EHCP with public email; bids school/LA SLT,londonspeechtherapy.co.uk/services/local-education-authority-service,verified,Not contacted,"Draft ready (crm/drafts/L-0127.md). Email-first lead-gen find (J) | re-verified: email confirmed, works with LAs on EHCPs"
L-0128,West Midlands Speech & Language Therapy,not_found,SME,slt,"Birmingham, West Midlands","independent SME SLT/OT, founded 2005, therapist-led",office@wmspeechtherapy.co.uk,domain,wmspeechtherapy.co.uk,not_found,not_found,school/LA SLT + EHCP contracts,Medium,Therapist-led SME SLT/OT for schools/EHCP with public email; bids school/LA therapy,wmspeechtherapy.co.uk,verified,Not contacted,"Draft ready (crm/drafts/L-0128.md). Email-first lead-gen find (J) | re-verified: email confirmed, registered No. 08491562"
L-0129,Communican SALT,Rachel McCartney,SME,slt,UK,solo/independent SLT practice (Rachel McCartney); EHCP assessments,hellocommunican@gmail.com,gmail,communicanspeechandlanguage.co.uk,not_found,not_found,LA-funded independent SLT / EHCP therapy,Medium,"Owner-operator SLT (Rachel McCartney) reads gmail; LA-funded EHCP SLT, reachable now",communicanspeechandlanguage.co.uk/ehcp-assessments,verified,Not contacted,Draft ready (crm/drafts/L-0129.md). Owner-direct gmail. Email-first lead-gen find (J) | re-verified: gmail + Rachel McCartney name both confirmed
L-0130,Home School Tutoring (NE Hants & Surrey),not_found,SME,send-ap,NE Hampshire & Surrey,SME; approved EOTAS/AP for Hampshire CC + Surrey CC,surreyinfo@homeschooltutoring.co.uk,domain,homeschooltutoringnehantssurrey.co.uk,not_found,not_found,"LA EOTAS/AP contracts (Hampshire CC, Surrey CC approved)",Medium,LA-approved EOTAS/AP provider (Hants + Surrey) with public email; bids LA AP,homeschooltutoringnehantssurrey.co.uk/eotas,verified,Not contacted,"Draft ready (crm/drafts/L-0130.md). Email-first lead-gen find (J) | re-verified: email confirmed, Co. No. 13963381, Surrey/Hants"
L-0131,Player Ready,not_found,SME,send-ap,Oxfordshire,"SME; Oxfordshire CC-approved AP (Jan 2025), EHCP/EOTAS/S19",alternativeprovision@player-ready.co.uk,domain,player-ready.co.uk,not_found,not_found,LA EHCP/EOTAS/S19 AP contracts (Oxfordshire CC approved),Medium,OCC-approved AP provider with public email; bids LA EHCP/EOTAS/S19,player-ready.co.uk/oxfordshire-alternative-provision,verified,Not contacted,"Draft ready (crm/drafts/L-0131.md). Email-first lead-gen find (J) | re-verified: email confirmed, Oxfordshire-approved AP provider"
L-0132,Aspire Educational Psychology Services,Dr Amanda Furness,SME,ed-psych,"Ongar, Essex",small independent EP practice; Dr Amanda Furness (director/lead),contactus@aspire-ep.co.uk,domain,aspire-ep.co.uk,not_found,not_found,school/LA educational-psychology + EHCP assessment contracts,Medium,Small independent EP practice (named lead) serving schools/EHCP with public email,aspire-ep.co.uk,verified,Not contacted,"Draft ready (crm/drafts/L-0132.md). Named director. Email-first lead-gen find (J) | re-verified: email + Dr Amanda Furness confirmed, HCPC reg"
L-0133,Educational Potential,not_found,SME,ed-psych,London,independent EP practice; statutory-style EHCP assessments,enquiries@educationalpotential.co.uk,domain,educationalpotential.co.uk,not_found,not_found,school/LA EHCP educational-psychology assessments,Medium,Independent EP practice doing EHCP assessments with public email; school/LA work,educationalpotential.co.uk/ed-psych,verified,Not contacted,"Draft ready (crm/drafts/L-0133.md). Email-first lead-gen find (J) | re-verified: email confirmed, HCPC-registered ed psych practice"
L-0134,My World Therapy,Anna Hamlet,SME,ot,South West Essex,independent paediatric OT (Anna Hamlet); commissioned by LAs/NHS/schools,info@myworldtherapy.co.uk,domain,myworldtherapy.co.uk,not_found,not_found,school/LA/NHS paediatric OT + EHCP contracts,Medium,Independent paediatric OT commissioned by LAs/NHS/schools with public email; bids OT/EHCP,myworldtherapy.co.uk,verified,Not contacted,"Draft ready (crm/drafts/L-0134.md). Email-first lead-gen find (J) | re-verified: email + Anna Hamlet confirmed, RCOT/HCPC"
L-0135,Kids' Therapy Works,not_found,SME,ot-slt,"Essex, Suffolk, Cambridgeshire","independent multi-disc OT+SLT, est 2010; Essex/Suffolk/Southend/Thurrock EHCP",info@kidstherapy.works,domain,kidstherapy.works,not_found,01206 212849,school/LA OT+SLT + EHCP assessment contracts,Medium,Independent multi-disc OT/SLT practice doing EHCP via Essex/Suffolk CCs with public email,kidstherapy.works/ehcp-assessments,verified,Not contacted,"Draft ready (crm/drafts/L-0135.md). Email-first lead-gen find (J) | re-verified: email confirmed, Co. No. 07161472, est. 2010"
L-0136,My Children's Therapy,Rachael Horner,SME,ot,London/Surrey/Bucks/Oxon/Berks,single-practitioner OT (Rachael Horner); EHCP for schools,contact@mychildrenstherapy.co.uk,domain,mychildrenstherapy.co.uk,not_found,not_found,school EHCP occupational-therapy contracts,Medium,Single-practitioner OT (Rachael Horner) doing EHCP for schools with public email,mychildrenstherapy.co.uk/services-for-schools,verified,Not contacted,"Draft ready (crm/drafts/L-0136.md). Owner-direct. Email-first lead-gen find (J) | re-verified: email + Rachael Horner confirmed, RCOT member"
L-0137,Chatter Independent SLT,not_found,SME,slt,Chesterfield (N Derbys/Notts/S Yorks),"independent SLT (est 2011), Beth Atkinson & Claire West; schools/nurseries",chatterslt@gmail.com,gmail,chatterslt.co.uk,not_found,not_found,school/nursery SLT contracts (+ EHCP),Medium,"Independent SLT working with schools across S Yorks/Notts; owner-read gmail, reachable now",chatterslt.co.uk,verified,Not contacted,"Draft ready (crm/drafts/L-0137.md). Owner-read gmail. Email-first lead-gen find (J) | re-verified: gmail confirmed, RCSLT/HCPC registered"
L-0138,SLT for Kids,not_found,SME,slt,North West England,"SME SLT private practice; school-commissioned (Element funding, pupil premium, LAC)",office@sltforkids.co.uk,domain,sltforkids.co.uk,not_found,not_found,school SLT contracts (Element/pupil premium/LAC funded),Medium,SME SLT commissioned by NW schools with public email; bids school SLT,sltforkids.co.uk/school-and-education-setting,verified,Not contacted,"Draft ready (crm/drafts/L-0138.md). Email-first lead-gen find (J) | re-verified: email confirmed, RCSLT/HCPC registered team"
L-0139,The Children's Physio,not_found,SME,physio,London (+ Surrey/Essex/Herts/Berks),SME private paediatric physio; school/LA/EHCP,info@thechildrensphysio.com,domain,thechildrensphysio.com,not_found,not_found,school/LA paediatric physio + EHCP contracts,Medium,SME paediatric physio commissioned by schools/LAs for EHCP with public email,thechildrensphysio.com/services-and-fees,verified,Not contacted,"Draft ready (crm/drafts/L-0139.md). Email-first lead-gen find (J) | re-verified: email confirmed, London paediatric physio, EHCP svc"
L-0140,Therapy4Kids,not_found,SME,physio,SW London (Raynes Park),SME multi-disc paediatric therapy; EHCP support,info@therapy4kids.co.uk,domain,therapy4kids.co.uk,not_found,not_found,school/LA paediatric therapy + EHCP,Medium,SME multi-disc paediatric practice with EHCP support + public email,therapy4kids.co.uk,verified,Not contacted,"Draft ready (crm/drafts/L-0140.md). Email-first lead-gen find (J) | re-verified: email confirmed, physical Raynes Park address"
L-0141,Physiotherapy for Children Ltd,not_found,SME,physio,Yorkshire,SME private paediatric physio; schools/colleges,info@physioforchildren.co.uk,domain,physioforchildren.co.uk,not_found,not_found,school/college paediatric physio contracts,Medium,SME paediatric physio working in schools/colleges with public email (LA/EHCP unconfirmed),physioforchildren.co.uk,verified,Not contacted,"Draft ready (crm/drafts/L-0141.md). LA/EHCP commissioning unconfirmed. Email-first lead-gen find (J) | re-verified: email confirmed, CSP/HCPC affiliations cited"
L-0142,Reflective Source,not_found,SME,translation,Cardiff / UK,independent SME language agency since 2009; councils/schools/NHS/courts,sales@reflectivesource.com,domain,reflectivesource.co.uk,not_found,029 2071 0677,council/NHS/court/school translation & interpreting contracts,Medium,Independent SME language agency serving councils/NHS/courts with public email; bids public-sector translation,reflectivesource.co.uk/translation-service/public-sector-translation,verified,Not contacted,"Draft ready (crm/drafts/L-0142.md). Email-first lead-gen find (J) | re-verified: .com email confirmed verbatim on .co.uk site, not an error"
L-0143,Translate UK,not_found,SME,translation,UK,SME language agency; councils/courts/solicitors,info@translateuk.net,domain,translateuk.net,not_found,not_found,council/court translation & interpreting contracts,Medium,SME translation/interpreting agency for councils/courts with public email,translateuk.net,verified,Not contacted,"Draft ready (crm/drafts/L-0143.md). Email-first lead-gen find (J) | re-verified: email confirmed, Co. No. 05705452, est. 2006"
L-0144,Arbormac Arboriculture,not_found,SME,arboriculture,"New Forest, Hampshire/Dorset",SME tree surgery + grounds maintenance,info@arbormac.co.uk,domain,arbormac.co.uk,not_found,02381 575574,council arboriculture/grounds contracts,Medium,SME arboriculture + grounds firm with public email; council contracts,arbormac.co.uk,verified,Not contacted,"Draft ready (crm/drafts/L-0144.md). Email-first lead-gen find (J) | re-verified: email confirmed, NPTC qualified, New Forest based"
L-0145,Bawden Tree Care,not_found,SME,arboriculture,"Amesbury, Wiltshire","SME independent tree care; clients incl. Wiltshire CC, MOD, EA, parish councils",info@bawdentreecare.co.uk,domain,bawdentreecare.co.uk,not_found,not_found,council/MOD/Environment Agency/parish arboriculture contracts,Medium,"SME tree-care firm with public-sector clients (Wiltshire CC, MOD, EA) + public email",bawdentreecare.co.uk,verified,Not contacted,"Draft ready (crm/drafts/L-0145.md). Public-sector clients per their list. Email-first lead-gen find (J) | re-verified: email confirmed, Co. No. 2520691, AA approved contractor"
L-0146,Arborfield Tree Care,not_found,SME,arboriculture,"Reading, Berkshire",family-run SME (est 1997); LA-approved tree services (Berks/Hants/Surrey/S Oxon),office@arborfieldtreecare.org,domain,arborfieldtreecare.co.uk,not_found,not_found,LA-approved tree services (highways/schools/sports grounds),Medium,"Family-run SME, LA-approved tree services for several authorities with public email",arborfieldtreecare.co.uk/local-authorities,partial,Not contacted,Draft ready (crm/drafts/L-0146.md). Email domain is .org. Email-first lead-gen find (J) | re-verified: .org email confirmed on page but site also shows separate .com link
L-0147,Beyond Translation Ltd,Rakesh Khambhaita,SME,translation,UK-wide / England and Wales,founder-led public-sector interpreting provider; founder has 25+ years court/police/NHS experience,info@beyondtranslation.co.uk,domain,beyondtranslation.co.uk,not_found,07736 333 196,"NHS, police, courts, prisons and local authority language-services frameworks",High,Founder-led and explicitly public-sector; compliance evidence is central to NHS/police/court interpreting work,https://www.beyondtranslation.co.uk/,verified,Not contacted,"Draft ready (crm/drafts/L-0147.md). Fresh translation/interpreting seam; named founder + public email. | re-verified: email + Rakesh Khambhaita confirmed, gov clearances"
L-0148,Prism Linguistics,not_found,SME,translation,Warrington / UK-wide,specialist language agency operating since 2013; public-sector interpreting pages by language and city,info@prismlinguistics.co.uk,domain,prismlinguistics.co.uk,not_found,+44 (0)20 3880 6688,"NHS trusts, HMCTS, Home Office, police/probation and local authority interpreting work",High,"Strong recurring public-sector buyer language plus public email; tender requirements likely heavy on vetting, confidentiality and framework rates",https://www.prismlinguistics.co.uk/luo-interpreter.html,verified,Not contacted,"Draft ready (crm/drafts/L-0148.md). Email + NHS/HMCTS/Home Office/local-authority relevance verified on source page. | re-verified: email confirmed, NHS/courts/Home Office clients cited"
L-0149,Peak Translations Ltd,not_found,SME,translation,"New Mills, Derbyshire",single-office specialist translation/interpreting agency; ISO/accreditation signals,enquiries@peak-translations.co.uk,domain,peak-translations.co.uk,not_found,+44 (0)1663 732 074,"local councils, NHS, schools and public-service interpreting/translation",Medium,"Clear public-service fit and public email, but more established/mature so likely a slightly slower conversion than founder-led leads",https://peak-translations.co.uk/public-service/; https://peak-translations.co.uk/contact/,verified,Not contacted,"Draft ready (crm/drafts/L-0149.md). Use public-service PQQ hook: NRPSI, confidentiality, fast turnaround, public-sector docs. | re-verified: email confirmed, Co. No. 02906009, NRPSI interpreters"
L-0150,GPC Services Ltd,Gez Coulson,SME,grounds,Coventry / West Midlands,"family-run grounds and landscaping business, established 2007, 27-strong team",info@gpcservicesltd.co.uk,domain,gpcservicesltd.co.uk,not_found,024 7662 2198,"hospitals, schools, business parks and local authority grounds sites",High,Founder-led family-run SME with explicit public-sector/commercial grounds work and enough team capacity to bid frameworks,https://gpcservicesltd.co.uk/about/; https://gpcservicesltd.co.uk/contact/,verified,Not contacted,"Draft ready (crm/drafts/L-0150.md). Named founder; strong grounds-maintenance PQQ hook. | re-verified: email + Gez Coulson confirmed, Co. No. 06078075"
L-0151,Kurco Ground Maintenance,Neil,SME,grounds,North Lincolnshire / South Yorkshire,family-run grounds-maintenance business with 20 years experience,hello@kurco.co.uk,domain,kurco.co.uk,not_found,07533 896207,"local authority, education premises, schools, parish/local councils and housing developments",High,Small operator with explicit council/school customer fit and owner-like contact path; likely fast feedback,https://kurco.co.uk/,verified,Not contacted,"Draft ready (crm/drafts/L-0151.md). Neil named in reviews/source page; avoid over-personalising beyond first name. | re-verified: live page confirms hello@kurco.co.uk, real Scunthorpe SME"
L-0152,Branching Out Tree & Garden Services Ltd,Kerrie,SME,arboriculture,Hertfordshire / Bedfordshire,ARB Approved Contractor; registered SME tree and grounds contractor,kerrie@branchingoutservices.co.uk,domain,branchingoutservices.co.uk,not_found,01462 811 991 / 07970 480 370,"schools, universities, local authority buildings and open spaces",High,Named email plus local-authority/school grounds-maintenance fit; accreditation-heavy tenders match Bidframe well,https://branchingoutservices.co.uk/groundsmaintenance/; https://branchingoutservices.co.uk/contact/,partial,Not contacted,Draft ready (crm/drafts/L-0152.md). Best arboriculture inbox in this batch: named contact + direct email. | re-verified: page had no email shown; phone/address confirmed real firm
L-0153,Tree Technique Ltd,Lee / Russ,SME,arboriculture,Wiltshire / Hampshire,trading 20+ years; team profiles list founder/director and contract manager,info@treetechnique.com,domain,treetechnique.com,not_found,01980 626 353 / 07780 003 575,"housing associations, MOD contracts, local authorities, construction, and Test Valley Borough Council work",High,"Very explicit public-sector/MOD/local-authority work and compliance-policy materials, so tender breakdown and evidence drafting should resonate",https://treetechnique.com/commercial/tree-surgery/; https://treetechnique.com/commercial/team-profiles/,verified,Not contacted,"Draft ready (crm/drafts/L-0153.md). Mention Test Valley / MOD/local authorities, not generic tree surgery. | re-verified: info@treetechnique.com confirmed, registered Wiltshire company"
L-0154,Artemis Tree Services,not_found,SME,arboriculture,Rickmansworth / London / Home Counties,"ARB-approved, CHAS and ISO-accredited arboricultural company with 25+ years experience",office@artemistreeservices.com,domain,artemistreeservices.com,not_found,0800 389 9418,"local councils, schools, estate management and commercial construction clients",Medium,"Excellent compliance-heavy fit and public email, but larger/more established than the fastest-converting owner-led SMEs",https://www.artemistreeservices.com/about/; https://www.artemistreeservices.com/contact/,verified,Not contacted,"Draft ready (crm/drafts/L-0154.md). Use ARB/CHAS/ISO + local councils/schools hook. | re-verified: office@artemistreeservices.com confirmed, accredited Herts firm"
L-0155,Acme Bus Co. Ltd,not_found,SME,school transport,Essex / Cambridgeshire / Hertfordshire,"moves 2,000+ passengers a day for schools; department email for schools",enquiries@acme-bus.com,domain,acme-bus.com,not_found,01799 542818,"home-to-school transport for Cambridge, Essex and Hertfordshire schools",High,"School-transport operator with direct school/council admin exposure; tenders hinge on operator evidence, safeguarding, vehicle compliance and route SLAs",https://acme-bus.com/getting-to-school/; https://acme-bus.com/contact-2/,partial,Not contacted,"Draft ready (crm/drafts/L-0155.md). Use school transport PQQ hook: safeguarding, DBS, PSV/PSVAR, insurance, maintenance and route reporting. | re-verified: page shows enquiries@acme-bus.com, not schools@; email corrected"
L-0156,Don's Coaches Dunmow Ltd,not_found,SME,school transport,Essex,76 years trading; fleet from 16 to 91 seats including PSVAR double deckers,info@donscoaches.co.uk,domain,donscoaches.co.uk,not_found,01371 872644,Local Education Authority and school transport contracts,High,"Explicit school and LEA contract work; tender compliance around drivers, vehicles, PSVAR, safeguarding and insurance should be familiar and painful",https://www.donscoaches.co.uk/contact-3-1; https://www.donscoaches.co.uk/home-to-school; https://www.donscoaches.co.uk/school-travel-information,verified,Not contacted,"Draft ready (crm/drafts/L-0156.md). Strong school-transport lead with public email and LEA/school-contract relevance. | re-verified: info@donscoaches.co.uk confirmed, Essex coach operator"
L-0157,Flagfinders CTB Ltd,not_found,SME,school coach routes / coach hire,Essex,family business; 38+ vehicles across 3 depots,enquiries@flagfinders.com,domain,flagfinders.com,not_found,01376 320501,school routes linked to Essex County Council entitlement and academy/school routes,Medium,Current school-route and council-funded passenger flows make tender breakdown and evidence mapping directly relevant,https://www.flagfinders.com/services/school-services-timetables.htm; https://www.flagfinders.com/contact-us.htm,verified,Not contacted,Draft ready (crm/drafts/L-0157.md). School-route/council-funded passenger-flow hook. | re-verified: page says home-to-school queries route via central-connect.co.uk only; conversion lowered
L-0158,VITA Occupational Health Ltd,Heather Colthart,SME,occupational health,Kent,founded in 2019; founder-led occupational health provider,operations@vitaoh.co.uk,domain,vitaoh.co.uk,not_found,01227 390728,"education, NHS, civil/public service, local councils, Home Office and Kent Fire and Rescue experience",High,Founder-led OH provider with explicit public-sector experience; likely responsive and tender evidence is accreditation/confidentiality-heavy,https://ayleshambusinessnetwork.co.uk/member-directory/vita-occupational-health-ltd/,verified,Not contacted,Draft ready (crm/drafts/L-0158.md). Named founder; OH public-sector evidence hook. | re-verified: operations@vitaoh.co.uk + Heather Colthart both confirmed
L-0159,Price & Buckland,not_found,SME,school uniform / school sportswear,Nottingham / UK-wide,"family-run school uniform supplier; 51-200 employee LinkedIn signal; supplies 1,330+ schools and MATs",sales@price-buckland.co.uk,domain,price-buckland.co.uk,https://uk.linkedin.com/company/price-%26-buckland,0115 964 0827,"school, academy and MAT uniform/sportswear supplier agreements",High,"Large enough for recurring school/MAT procurement but still supplier-led; framework evidence around catalogues, delivery, safeguarding and ethics is a good Bidframe fit",https://price-buckland.co.uk/contact-us; https://price-buckland.co.uk; https://uk.linkedin.com/company/price-%26-buckland,verified,Not contacted,"Draft ready (crm/drafts/L-0159.md). School/MAT uniform supplier; public email verified. | re-verified: sales@price-buckland.co.uk confirmed via search, schools contact"
L-0160,Workwear (East Anglia) Ltd,David Tennens,SME,workwear / PPE,"Eye, Suffolk / East Anglia","independent 2-10 employee supplier of safety workwear, PPE, first aid, cleaning and disposables",sales@workwearltd.com,domain,workwearltd.com,https://uk.linkedin.com/company/workwear-east-anglia,01379 871110,"county council, NHS and emergency-services PPE/workwear supply relevance",High,"Very SME-sized with public-sector PPE relevance; tender evidence around product compliance, delivery and accreditations maps well to Bidframe",https://workwearltd.com/pages/contact; https://uk.linkedin.com/company/workwear-east-anglia; https://saifinsight.co.uk/wp-content/uploads/2020/12/GC-SAIFInsight-Winter-2020.pdf,verified,Not contacted,"Draft ready (crm/drafts/L-0160.md). Public-sector PPE/workwear evidence hook. | re-verified: sales@workwearltd.com confirmed, Suffolk PPE retailer"
L-0161,Glendale (UK),not_found,SME,educational furniture / fit-out,"Preston, Lancashire / UK-wide",11-50 employee LinkedIn signal; established education furniture and fit-out business,enquiries@glendaleuk.com,domain,glendaleuk.com,https://uk.linkedin.com/company/glendale-interiors,01772 696222,"primary, secondary, SEN/specialist schools, MATs and local authority education furniture supply",High,School furniture and fit-out tenders are specification-heavy and evidence-heavy; strong fit for requirement extraction and auditable answer drafting,https://glendaleuk.com/contact-us/; https://glendaleuk.com/educational-furniture-suppliers-for-uk-schools/; https://uk.linkedin.com/company/glendale-interiors,verified,Not contacted,"Draft ready (crm/drafts/L-0161.md). Education furniture/local-authority hook. | re-verified: enquiries@glendaleuk.com confirmed; also sells office furniture, not pure-education"
L-0162,Setter Play,not_found,SME,playground / play equipment,"Silsoe, Bedfordshire / Home Counties",11-50 employee LinkedIn signal; playground company founded in 1997,info@setterplay.co.uk,domain,setterplay.co.uk,https://uk.linkedin.com/company/setter-play,01462 817 538,school and local-authority playground equipment design and installation,High,"Playground tenders are specification, safety and installation-evidence heavy; schools/councils are direct buyers",https://www.setterplay.co.uk/contact/; https://www.setterplay.co.uk/; https://uk.linkedin.com/company/setter-play,partial,Not contacted,Draft ready (crm/drafts/L-0162.md). Playground safety/RAMS/local-authority hook. | re-verified: site fetch blocked (425); search corroborates real Beds firm
L-0163,Sportsafe UK Ltd,Joe Bennet,SME,"sports / PE / play equipment inspection, supply and maintenance","Colchester, Essex / UK-wide","51-200 employee LinkedIn signal; 10,000+ sites; contracts with 100+ county councils plus Fire, Police and NHS authorities",sales@sportsafeuk.com,domain,sportsafeuk.com,https://uk.linkedin.com/company/sportsafe-uk-ltd,0333 300 0032,"schools, MATs, universities, leisure centres, councils, Fire, Police and NHS authorities",High,"Already public-sector heavy with inspection, maintenance and installation work; compliance evidence is central, though company may have more internal tender capacity",https://sportsafeuk.com/contact-us/; https://sportsafeuk.com/; https://uk.linkedin.com/company/sportsafe-uk-ltd; https://sapca.org.uk/members/sportsafe-uk-ltd/,partial,Not contacted,Draft ready (crm/drafts/L-0163.md). Large-public-sector footprint; still relevant but may be a slower enterprise-like sale. | re-verified: search confirms sales@ valid alongside enquiries@sportsafeuk.com
L-0164,Blackwell Associates Limited,Dr Alan Black,SME,occupational health,Northern Ireland,independent provider established 25+ years; named clinical and admin team,enquiries@blackwellassociates.co.uk,domain,blackwellassociates.co.uk,not_found,02890 656131,"NHS, education and local authority occupational health experience",Medium,"Strong OH credentials and public-sector experience, but mature provider may have established tender processes",https://www.blackwellassociates.co.uk/,verified,Not contacted,"Draft ready (crm/drafts/L-0164.md). Medium-ranked OH lead; mature independent provider. | re-verified: enquiries@ + Dr Alan Black confirmed; firm is Belfast, NI not GB"
L-0165,OHWorks,not_found,SME,occupational health,Kent / South East,established 2006; states 100+ staff,info@ohworks.co.uk,domain,ohworks.co.uk,not_found,01227 286288,"council clients, local-authority employees, teachers, universities/colleges and healthcare screening",Medium,Strong public/education relevance but larger and likely has more internal bid infrastructure; better as framework-renewal angle,https://www.ohworks.co.uk/client-support-services,verified,Not contacted,"Draft ready (crm/drafts/L-0165.md). Medium-ranked due to larger internal capacity, but public-sector relevance is explicit. | re-verified: info@ohworks.co.uk confirmed, Canterbury OH provider"
L-0166,P & W Water Hygiene Ltd,Louis Wyborn,SME,water hygiene / legionella control,Kent / national coverage,two-director Ltd; LCA member active to 30 Jun 2026,louiswyborn@pwwaterhygieneltd.co.uk,person,pwwaterhygieneltd.co.uk,https://uk.linkedin.com/in/louis-wyborn-71614982,01634 722175,"hospitals, schools, councils, housing associations and commercial buildings water hygiene services",High,Named director email plus explicit hospital/school/council/housing-association buyer fit; legionella tenders are compliance and evidence heavy,https://www.legionellacontrol.org.uk/company/?name=P+%26+W+Water+Hygiene+Ltd; https://uk.linkedin.com/in/louis-wyborn-71614982,verified,Not contacted,Draft ready (crm/drafts/L-0166.md). Strongest batch lead: named director email + LCA/public-sector buyer signal. | re-verified: louiswyborn@ + Louis Wyborn confirmed on directory listing
L-0167,Aquatrust Water & Ventilation Ltd,not_found,SME,water hygiene / legionella control,West Yorkshire / Yorkshire,11-50 employee LinkedIn signal; established since 2003,enquiries@aquatrust.co.uk,domain,aquatrust.co.uk,https://uk.linkedin.com/company/aquatrust-water-%26-air-solutions,01274 876700,North Yorkshire Council water safety partner plus housing association water compliance services,High,Clear council and housing-association relevance with SME size; water-compliance tenders map closely to Bidframe evidence checks,https://www.aquatrust.co.uk/contact/; https://www.aquatrust.co.uk/legionella-testing-in-york/; https://www.aquatrust.co.uk/services-by-sector/housing-associations/; https://uk.linkedin.com/company/aquatrust-water-%26-air-solutions,verified,Not contacted,"Draft ready (crm/drafts/L-0167.md). Council/housing association water-compliance hook. | re-verified: enquiries@aquatrust.co.uk confirmed, Yorkshire water hygiene firm"
L-0168,Midland Fire Security Services Ltd,not_found,SME,fire safety maintenance / fire alarms / FRA,Staffordshire / UK-wide,specialist private Ltd trading since 1999,info@midlandfire.com,domain,midlandfiresecurity.co.uk,https://uk.linkedin.com/company/midland-fire-security-services-limited,01283 741000,"local councils, local authorities, schools, libraries, council offices and social housing fire-safety work",High,"Council/fire maintenance contracts are recurring, compliance-heavy and mandatory-evidence driven",https://www.midlandfiresecurity.co.uk/contact/; https://www.midlandfiresecurity.co.uk/sectors/local-councils/; https://uk.linkedin.com/company/midland-fire-security-services-limited,verified,Not contacted,"Draft ready (crm/drafts/L-0168.md). Local council/fire-maintenance tender hook. | re-verified: domain mismatch is real practice, info@midlandfire.com genuine live address"
L-0169,Alliance Asbestos Services Ltd,Darren Pritchard,SME,asbestos survey / removal / disposal,Cambridge / East of England,active private Ltd since 2008; HSE licensed asbestos operator,enquiries@alliance-asbestos-services.co.uk,domain,alliance-asbestos-services.co.uk,https://uk.linkedin.com/in/darren-pritchard-6a34501bb,01223 864100 / 01223 812987,"universities, local authorities and health authorities asbestos services",High,"Licensed asbestos operator with direct public-sector buyer fit; tenders are strict on licences, method statements and evidence",https://www.alliance-asbestos-services.co.uk/; https://find-and-update.company-information.service.gov.uk/company/06485812; https://uk.linkedin.com/in/darren-pritchard-6a34501bb,partial,Not contacted,"Draft ready (crm/drafts/L-0169.md). Generic inbox, named LinkedIn contact only; do not imply Darren's email. | re-verified: enquiries@ confirmed; named contact Darren Pritchard not found on page"
L-0170,AIB Solutions Ltd,Dave Broadhurst,SME,HSE-licensed asbestos removal / surveys / testing,Staffordshire / England and Wales,14 employee LinkedIn signal; active Ltd since 2003,info@aibsolutions.co.uk,domain,aib-asbestosremoval.co.uk,https://uk.linkedin.com/company/aib-solutions,01782 613773,"public authorities including schools, libraries, leisure facilities and housing blocks",High,SME-sized HSE-licensed asbestos provider with public-authority page; procurement evidence burden is high,https://www.aib-asbestosremoval.co.uk/; https://www.aib-asbestosremoval.co.uk/public-authorities-asbestos-services; https://uk.linkedin.com/company/aib-solutions,partial,Not contacted,Draft ready (crm/drafts/L-0170.md). Public-authority asbestos hook; generic inbox only. | re-verified: info@aibsolutions.co.uk confirmed live; Dave Broadhurst not found on page
L-0171,Wyllie Maintenance Services,not_found,SME,PAT / electrical safety testing,Berkshire / Hampshire / Wiltshire / Surrey,regional electrical-safety testing operator with DBS-checked engineers,info@wylliems.co.uk,domain,wylliems.co.uk,not_found,0118 981 4322 / 07801 091011,"PAT testing for local authorities, local councils, schools, colleges, nurseries and care homes",High,Small regional compliance supplier with explicit council/school buyer list and visible email,https://www.wylliems.co.uk/pat-testing-berkshire,verified,Not contacted,Draft ready (crm/drafts/L-0171.md). PAT/electrical-safety compliance hook. | re-verified: email + UK PAT testing firm confirmed live on page
L-0172,Arrival Lifts Ltd,Paul Johnston / Joe Johnston,SME,lift maintenance / repair / school lifts,Surrey / South London / South of England,family-run positioning; 6 employee LinkedIn signal,enquiries@arrivallifts.com,domain,arrival-lifts.co.uk,https://uk.linkedin.com/company/arrival-lifts-limited,0208 544 4888,"school lift installation, servicing, DDA compliance and healthcare/commercial lift services",High,"Founder-led small lift operator with school compliance page; tenders require strict service, safety and accessibility evidence",https://www.arrival-lifts.co.uk/contact; https://www.arrival-lifts.co.uk/commercial/lifts-for-schools; https://www.arrival-lifts.co.uk/about; https://uk.linkedin.com/company/arrival-lifts-limited,partial,Not contacted,Draft ready (crm/drafts/L-0172.md). School lifts/DDA/maintenance evidence hook. | re-verified: directors confirmed real; domain mismatch unresolved but email is live
L-0173,Secure Access Solutions Ltd,not_found,SME,automatic gates / vehicle barriers / perimeter security,Lancashire / North West,local private Ltd operator with 20+ years access-sector experience,info@secureaccesssolutions.co.uk,domain,secureaccesssolutions.co.uk,not_found,01204 970120 / 07780 119090,"school gates, fencing, academy trusts, DBS engineers, BS EN 12453 compliance and 24/7 call-out",High,"School access-control compliance and safeguarding are bid-relevant, with clear public email and SME profile",https://www.secureaccesssolutions.co.uk/schools-service/; https://www.secureaccesssolutions.co.uk/automatic-gate-safety-in-schools/,verified,Not contacted,Draft ready (crm/drafts/L-0173.md). School gate safety/compliance hook. | re-verified: email + UK schools security firm confirmed live on page
L-0174,Drainstore Service & Install,not_found,SME,drainage maintenance / pump stations / off-mains wastewater,Derbyshire / UK-wide,independent drainage supplier and specialist installer,servicing@drainstore.com,domain,drainstoreinstallation.co.uk,https://uk.linkedin.com/company/drainstore,01773 767611,housing association and local authority off-mains drainage contracts,High,Direct local-authority/housing-association sector page; wastewater/drainage bids are service and compliance heavy,https://drainstoreinstallation.co.uk/contact/; https://drainstoreinstallation.co.uk/sectors/housing-associations-local-authorities/; https://uk.linkedin.com/company/drainstore,verified,Not contacted,"Draft ready (crm/drafts/L-0174.md). HA/local-authority drainage contract hook. | re-verified: domain mismatch is legit, servicing@drainstore.com shown on site"
L-0175,NRC WWS Ltd,not_found,SME,commercial drainage / sewer cleaning / planned maintenance,Wirral / North West / nationwide contracts,11-50 employee LinkedIn signal; specialist commercial drainage operator,info@nrcwws.co.uk,domain,nrcwws.co.uk,https://uk.linkedin.com/company/nrc-wws,0151 643 0800,"local authorities, councils, schools, universities, hospitals and healthcare facilities drainage services",High,Explicit civic/public-sector drainage offer from an SME-sized specialist; compliance evidence and SLAs likely central,https://nrcwws.co.uk/drain-cleaning/; https://uk.linkedin.com/company/nrc-wws,verified,Not contacted,Draft ready (crm/drafts/L-0175.md). Public-sector drainage/FM hook. | re-verified: email + UK drainage contractor confirmed live on page
L-0176,Kings Fire Ltd,not_found,SME,fire alarm servicing / fire safety compliance,Bedfordshire / Home Counties / London,family-owned; public less-than-50-employees award signal,info@kingsfire.co.uk,domain,kingsfire.co.uk,https://uk.linkedin.com/company/kings-fire-ltd,01462 337037,"school fire alarm servicing plus universities, NHS trusts, schools and academies",Medium,"Excellent school/MAT fit, though less tender-explicit than council framework leads",https://www.kingsfire.co.uk/contact-kings-fire-ltd/; https://www.kingsfire.co.uk/fire-alarm-servicing-for-schools/; https://www.kingsfire.co.uk/about/; https://uk.linkedin.com/company/kings-fire-ltd,verified,Not contacted,"Draft ready (crm/drafts/L-0176.md). Medium due to weaker tender signal, strong school compliance fit. | re-verified: email + UK fire safety firm, Co. No. 11512812 confirmed"
L-0177,Allium Environmental Ltd,not_found,SME,asbestos surveys / management / air testing,Cornwall / South West + regional offices,employee-owned/growing asbestos team; active Ltd since 2015,enquiries@allium.uk.net,domain,allium.uk.net,https://uk.linkedin.com/company/allium-environmental-ltd,01872 276375,"schools/education asbestos surveys, asbestos management and air testing; housing stock works signal",Medium,Strong education/housing relevance but more consultancy-led and likely has a more formal sales process,https://allium.uk.net/contact/; https://allium.uk.net/sectors/schools-education/; https://uk.linkedin.com/company/allium-environmental-ltd,verified,Not contacted,Draft ready (crm/drafts/L-0177.md). Medium due to more mature/consultancy-led posture. | re-verified: email + UK asbestos/legionella consultancy confirmed live
L-0178,Newgate (Newark) Ltd,not_found,SME,automatic gates / barriers / access control,Nottinghamshire / national coverage,established 1984; specialist manufacturer and installer,sales@newgate.uk.com,domain,newgate.uk.com,https://uk.linkedin.com/company/newgate-newark-limited,01636 700172,"school security gates/barriers for primary schools, universities and council parks sectors",Medium,"Strong education and public-realm fit, but more established manufacturer likely has mature procurement processes",https://www.newgate.uk.com/sectors/school-security-gates/; https://www.newgate.uk.com/contact-us/; https://uk.linkedin.com/company/newgate-newark-limited,verified,Not contacted,"Draft ready (crm/drafts/L-0178.md). Medium due to more established manufacturer profile. | re-verified: email + UK gate manufacturer, ISO certified, confirmed live"
L-0179,Dantek Environmental Services (UK) Ltd,Holly,SME,"water hygiene / legionella risk assessment, monitoring, treatment",South West / Wales / Midlands / wider UK,LCA member; single Thornbury HQ; local specialist,holly@dantek.co.uk,person,dantekenvironmental.co.uk,https://www.linkedin.com/company/dantek-environmental-services-uk-ltd/,01454 417920,healthcare risk assessment and education estates water hygiene work including schools and universities,High,"Named email, LCA membership and explicit education/healthcare estates fit; water hygiene tenders are evidence-heavy",https://www.legionellacontrol.org.uk/company/?name=Dantek+Environmental+Services+%28UK%29+Ltd; https://www.dantekenvironmental.co.uk/,verified,Not contacted,"Draft ready (crm/drafts/L-0179.md). Named Holly email from LCA; avoid inventing surname. | re-verified: domain mismatch legit, holly@dantek.co.uk shown alongside dantekenvironmental.co.uk site"
L-0180,Reef Water Solutions Ltd,not_found,SME,water hygiene / legionella compliance,South East / South West / nationwide,founded 1999; two offices; LCA member,stevet@reefwater.co.uk,domain,reefwater.co.uk,not_found,02033 262929 / 01208 819276,"FM, housing, local authority, education and healthcare water hygiene sectors",High,"LCA listing explicitly names local authority, housing, education and healthcare sectors with public email",https://www.legionellacontrol.org.uk/company/?name=Reef+Water+Solutions+Ltd; https://www.reefwater.co.uk/,partial,Not contacted,"Draft ready (crm/drafts/L-0180.md). LCA/public-sector sector categories hook. | re-verified: directory shows stevet@reefwater.co.uk, not postbox@; email corrected"
L-0181,Justice Fire & Security,Dave Sanders,SME,fire alarms / fire detection / fire security,West Midlands / Midlands,11-50 employee LinkedIn signal; established 1986,info@justicesecurity.co.uk,domain,justicesecurity.co.uk,https://uk.linkedin.com/company/justice-fire-%26-security,0345 468 0927,"BAFE SP203-1 / NSI Fire Gold; hospital, schools, Job Centres and local-authority case studies",High,SME-sized fire/security operator with strong school/public-sector case-study proof and certification-heavy bid fit,https://www.justicesecurity.co.uk/bafe; https://www.justicesecurity.co.uk/; https://uk.linkedin.com/company/justice-fire-%26-security,partial,Not contacted,"Draft ready (crm/drafts/L-0181.md). Generic inbox only; named contact from public profile, do not imply personal email. | re-verified: info@justicesecurity.co.uk confirmed via search; Dave Sanders unconfirmed"
L-0182,ARTICO Enabling Services Ltd,Christian Jones,SME,licensed asbestos removal / encapsulation / surveys / disposal,Wales / UK coverage,incorporated 2019; HSE licence and ARCA full member; Bridgend office,info@articoenv.com,domain,articoenv.com,not_found,01792 961 544,long-term national frameworks with local authorities and housing associations for asbestos removal,High,Explicit framework/local-authority/housing-association language plus ARCA/HSE evidence makes a direct Bidframe fit,https://www.articoenv.com/news/v/36-artico-obtain-arca-membership/; https://www.articoenv.com/services/asbestos-removal/; https://www.articoenv.com/contact/,partial,Not contacted,"Draft ready (crm/drafts/L-0182.md). Named MD but generic inbox only. | re-verified: info@articoenv.com confirmed via search snippet, page 403-blocked"
L-0183,Guideline Lift Services Ltd / KLEEMANN UK,not_found,SME,"lift maintenance, repair, modernisation and inspections",South East / London,LEIA member; 105 employee and turnover signal; specialist lift operator,uk@kleemannlifts.com,domain,guideline.co.uk,not_found,01322 665665,"ProcurePublic Passenger Lifts Framework supplier; hospitals, education, commercial/public lift services",High,Already framework-facing with lift repair/maintenance categories; larger than ideal but very procurement-relevant,https://www.leia.co.uk/member/guideline-lift-services-ltd/; https://www.guideline.co.uk/contact-us/; https://www.procurepublic.co.uk/supplier/guideline-lift-services-limited/; https://www.guideline.co.uk/,partial,Not contacted,"Draft ready (crm/drafts/L-0183.md). Framework-facing lift supplier; likely slower than founder-led but strong fit. | re-verified: Guideline absorbed into KLEEMANN UK since 2021; lifts@guideline.co.uk stale, correct contact uk@kleemannlifts.com"
L-0184,AutoGate Services & Installation Ltd,not_found,SME,"automated gates, barriers and access-control servicing",Hertfordshire / East England,11-50 employee LinkedIn signal; DHF-listed gates/barriers operator,info@autogateservices.co.uk,domain,autogateservices.co.uk,https://www.linkedin.com/company/autogate-services/,01763 853663,DHF automated gates/barriers/traffic barriers listing; school campus servicing and repair/maintenance relevance,High,School/campus access-control servicing plus DHF category fit; bid evidence maps tightly to safety/compliance requirements,https://www.dhfonline.org.uk/enquiry.htm?id=524&ref=1217; https://www.autogateservices.co.uk/gate-servicing/; https://www.autogateservices.co.uk/contact/; https://www.linkedin.com/company/autogate-services/,verified,Not contacted,Draft ready (crm/drafts/L-0184.md). DHF + school/campus servicing hook. | re-verified: email + UK gate installer confirmed live on page
L-0185,Harling Security Solutions Ltd,not_found,SME,"automatic gates, barriers, access control and school security",Hertfordshire / London / South East,private limited specialist; ADIA directory result; DHF/Gate Safe accreditation signal,sales@harlingsecurity.com,domain,harlingsecurity.com,https://uk.linkedin.com/company/harling-security,0845 177 0540,"educational and commercial organisations; school gates, barriers and access control",High,Explicit education-sector security and gate/barrier compliance angle with public email,https://www.theadia.co.uk/members-directory/harling-security-solutions-ltd/; https://www.harlingsecurity.com/products/automated-gates/; https://www.harlingsecurity.com/; https://uk.linkedin.com/company/harling-security,verified,Not contacted,"Draft ready (crm/drafts/L-0185.md). School security/access-control hook. | re-verified: email + UK security specialist, Hoddesdon HQ confirmed live"
L-0186,Scope Fire & Security Ltd,not_found,SME,fire alarms / FRA / extinguishers / emergency lighting,North West,Burnley HQ; BAFE registered ID 302560; specialist fire-safety operator,service@scopefireandsecurity.co.uk,domain,scopefireandsecurity.co.uk,not_found,0330 088 4647,"BAFE SP203-1 fire alarms, SP205 fire risk assessments, SP101 extinguishers and emergency lighting credentials",Medium,"Strong compliance credentials, but public-sector client proof is less explicit than the High-ranked fire leads",https://scopefireandsecurity.co.uk/bafe-registered/; https://scopefireandsecurity.co.uk/contact/,verified,Not contacted,Draft ready (crm/drafts/L-0186.md). Medium due to weaker public-sector buyer proof.
L-0187,Acorn Analytical Services,Paul Knights,SME,asbestos surveying / air testing / removal management,"Nationwide / Northampton, London, Cleckheaton, Scotland, Stoke",51-200 employee LinkedIn signal; independent asbestos consultancy with UKAS lab signals,info@acorn-as.com,domain,acorn-as.com,https://uk.linkedin.com/company/acorn-analytical-services,0844 818 0895 / 0141 370 1800,"public-sector clients and local councils for asbestos consultancy, surveys and removals",Medium,"Very relevant but larger and more consultancy-led, so likely slower to convert than operator-led SMEs",https://www.acorn-as.com/meet-the-team/; https://www.acorn-as.com/contact-us/; https://www.acorn-as.com/testimonials/; https://uk.linkedin.com/company/acorn-analytical-services,verified,Not contacted,Draft ready (crm/drafts/L-0187.md). Medium due to larger/consultancy-led profile.
L-0188,Country Gates and Barriers Ltd,not_found,SME,"automated gates, vehicle barriers, access control and perimeter security",North West,11-50 employee LinkedIn signal; DHF member; CHAS and Constructionline credentials,sales@countrygates.co.uk,domain,countrygatesandbarriers.co.uk,https://uk.linkedin.com/company/countrygates,0161 406 5912,"commercial perimeter security, vehicle barriers, access control, service/maintenance, CHAS and Constructionline",Medium,"Strong tender accreditations and compliance fit, but public-sector buyer relevance is inferred rather than explicit",https://www.dhfonline.org.uk/enquiry.htm?id=7&ref=1030; https://countrygatesandbarriers.co.uk/contact-country-gates-and-barriers/; https://uk.linkedin.com/company/countrygates,verified,Not contacted,Draft ready (crm/drafts/L-0188.md). Medium due to inferred public-sector buyer proof.
L-0189,Logical Drainage Solutions Ltd,not_found,SME,"commercial drainage, CCTV, tankering and pump servicing",Essex / London / East Anglia,11-50 employee LinkedIn signal; NADC/CHAS/SafeContractor accreditation signals,info@logicaldrainagesolutions.co.uk,domain,logicaldrainagesolutions.co.uk,https://uk.linkedin.com/company/logical-drainage-solutions-ltd,01708 536188,"commercial pump servicing, planned maintenance, CCTV drainage and compliance-maintenance accreditation signals",Medium,"Good FM/compliance maintenance fit, but less explicit named public-sector client evidence",https://nadc.org.uk/; https://logicaldrainagesolutions.co.uk/services/pump-servicing-and-repairs; https://logicaldrainagesolutions.co.uk/essex-drainage-services; https://uk.linkedin.com/company/logical-drainage-solutions-ltd,verified,Not contacted,Draft ready (crm/drafts/L-0189.md). Medium due to weaker public-sector proof.
L-0190,Drainage Consultants Ltd,not_found,SME,"drainage, civils, pumps and pump-station maintenance",North / Midlands / UK,specialist drainage contractor; now Metcor-owned,sales@drainageconsultantsltd.co.uk,domain,drainageconsultantsltd.co.uk,not_found,0800 065 4111,"schools, University of Leeds, NHS facilities, council estates, social housing and pump-station maintenance",Medium,"Excellent public-sector relevance, but group ownership may mean slower decision path",https://www.drainageconsultantsltd.co.uk/services/pump-station-maintenance/; https://www.drainageconsultantsltd.co.uk/cctv-drain-survey-leeds/; https://www.drainageconsultantsltd.co.uk/contact/,verified,Not contacted,"Draft ready (crm/drafts/L-0190.md). Medium due to group ownership, but strong public-sector examples."
L-0191,Carbon3 Ltd,not_found,SME,"solar PV, ASHP, EV charging, battery, social-housing retrofit",Kent / Midlands / UK-wide,93 staff cited by NHMF; not domestic-only; public-sector retrofit operator,info@carbon3.co.uk,domain,carbon3.co.uk,https://uk.linkedin.com/company/carbon3-ltd,0300 303 56 88,"social housing, public sector, education and health retrofit; 5,000+ social homes; NHS SBS Decarbonisation of Estates Framework",High,Strong public-sector and social-housing framework fit; decarbonisation tenders are evidence-heavy,https://carbon3.co.uk/; https://carbon3.co.uk/social-housing/; https://uk.linkedin.com/company/carbon3-ltd,verified,Not contacted,Draft ready (crm/drafts/L-0191.md). Fresh seam lead-gen find.
L-0192,Spartek ECS Ltd,not_found,SME,"solar PV, battery, EV/electrical services for schools/public sector",Norfolk / Suffolk / East Anglia,"local operator since 2009; in-house team, no subcontractors",info@spartek.co.uk,domain,spartek.co.uk,not_found,01953 882787,"solar PV for schools, local authorities, NHS trusts and public-sector bodies; MCS, NICEIC, TrustMark, RECC",High,Very clean schools/councils/NHS fit with visible accreditations and public email,https://www.spartek.co.uk/solar-pv/solar-pv-for-schools-public-sector/,verified,Not contacted,Draft ready (crm/drafts/L-0192.md). Fresh seam lead-gen find.
L-0193,DPL Group Ltd,not_found,SME,"solar PV, EV charging and electrical/mechanical building services",East Anglia,regional operator; local team; public-sector/local-authority sectors listed,info@dpl-group.co.uk,domain,dpl-group.co.uk,not_found,01473 253350,"local authority solar PV for councils and housing associations; education, healthcare and public-sector sectors",High,Direct local-authority/social-housing positioning and public-sector sector pages,https://www.dpl-group.co.uk/renewable-energy/social-housing-pv/; https://www.dpl-group.co.uk/renewable-energy/domestic-solar-pv/; https://www.dpl-group.co.uk/renewable-energy/commerical-solar-pv/,verified,Not contacted,Draft ready (crm/drafts/L-0193.md). Fresh seam lead-gen find.
L-0194,Joju Solar,not_found,SME,"solar PV, battery storage and EV charging",London / UK-wide,11-50 employee LinkedIn signal; public-sector solar and EV installer,info@jojusolar.co.uk,domain,jojusolar.co.uk,https://uk.linkedin.com/company/joju-solar,020 7697 1000,"universities, councils, 100+ public-sector organisations, EV charging for councils and school/council installation evidence",High,"Strong public-sector footprint, council/education work and SME-size signal",https://www.jojusolar.co.uk/architect-solar-design/; https://www.jojusolar.co.uk/; https://uk.linkedin.com/company/joju-solar; https://aat.cymru/how-to-install-solar-in-schools/,verified,Not contacted,Draft ready (crm/drafts/L-0194.md). Fresh seam lead-gen find.
L-0195,Advantage Catering Equipment Repair,not_found,SME,"commercial catering equipment repair, refrigeration and gas-safe catering engineers",Kent,regional Kent operator; 21+ years; local public-sector service arm,service@advantage-catering-equipment.co.uk,domain,catering-equipment-repair.co.uk,https://uk.linkedin.com/company/advantage-catering-equipment,01304 873469,"MoD, Dover District Council, Ashford Borough Council, East Kent schools; ISO 9001/14001/45001, Gas Safe, Refcom F-Gas, CEDA",High,Exact public-sector catering maintenance fit with compliance-heavy evidence pack and direct service inbox,https://www.catering-equipment-repair.co.uk/sectors/public-sector/; https://www.catering-equipment-repair.co.uk/contact-us/,verified,Not contacted,Draft ready (crm/drafts/L-0195.md). Fresh seam lead-gen find.
L-0196,KDE Catering Equipment,not_found,SME,school/MAT kitchen installation and commercial catering equipment,Halifax / West Yorkshire,independent supplier; 25+ years; school-focused regional installer,sales@kdecateringequipment.com,domain,kdecateringequipment.com,not_found,01422 524 800,"school canteen and kitchen equipment supply, installation and maintenance; school and catering-provider references",High,Narrow school-kitchen fit with visible email and likely MAT/local-authority tender exposure,https://www.kdecateringequipment.com/commercial-catering-equipment-for-schools/,verified,Not contacted,Draft ready (crm/drafts/L-0196.md). Fresh seam lead-gen find.
L-0197,Premier Technical Services,not_found,SME,commercial kitchen maintenance and Gas Safe catering engineers,North East England,2-10 employee LinkedIn signal; regional Durham/North East operator,info@premiertechnical.co.uk,domain,premiertechnical.co.uk,https://www.linkedin.com/company/premier-technical-services-north-east/,07782 345 031,"schools, education facilities, local authorities and government buildings; Gas Safe catering equipment work",High,Small regional operator with explicit education/local-authority fit and direct inbox,https://premiertechnical.co.uk/; https://premiertechnical.co.uk/projects; https://www.linkedin.com/company/premier-technical-services-north-east/,verified,Not contacted,Draft ready (crm/drafts/L-0197.md). Fresh seam lead-gen find.
L-0198,BBCS Ltd,not_found,SME,"commercial kitchen maintenance, refrigeration and Gas Safe catering engineers",Midlands / Appleby Magna,defined Midlands radius; specialist commercial catering and refrigeration engineering team,service@bbcs-ltd.co.uk,domain,bbcs-ltd.com,https://uk.linkedin.com/company/bbcs-ltd,01530 274933,Gas Safe commercial catering inspections; NHS/private healthcare and education/schools; SafeContractor accreditation,High,Exact compliance-heavy maintenance use case with NHS/schools relevance and service email,https://www.bbcs-ltd.com/our-services/gas-safety; https://www.bbcs-ltd.com/news/47/501/BBCS-Achieves-SafeContractor-Accreditation; https://www.bbcs-ltd.com/contact-us,verified,Not contacted,Draft ready (crm/drafts/L-0198.md). Fresh seam lead-gen find.
L-0199,E&D Ventilation Cleaning,not_found,SME,TR19 kitchen extraction cleaning and ventilation hygiene,Devon / Berkshire / South and South West,regional offices; specialist ventilation-cleaning operator; FSB signal,info@edventilation.co.uk,domain,edventilation.co.uk,https://uk.linkedin.com/company/e-d-ventilation,01271 326855,"schools, colleges, universities, hospitals and care homes; VHR/BESA TR19 signals",High,Strong estates/compliance fit with education and healthcare pages plus visible inbox,https://www.edventilation.co.uk/contact; https://www.edventilation.co.uk/education; https://www.edventilation.co.uk/sectors,verified,Not contacted,Draft ready (crm/drafts/L-0199.md). Fresh seam lead-gen find.
L-0200,Riley's Grounds Maintenance Ltd,Lee Chase,SME,winter gritting / snow clearance,Hertfordshire / London,regional grounds contractor; BALI accredited; public-estate client list,info@rileysgm.co.uk,domain,rileysgm.co.uk,https://uk.linkedin.com/in/lee-chase-117504124,01707 594102,"winter gritting clients include NHS, schools, parish/council-type estates and named academy trusts/council clients",High,"Winter maintenance tender fit is strong: routes, response times, insurance, RAMS and school-site evidence",https://www.rileysgm.co.uk/winter-maintenance,verified,Not contacted,Draft ready (crm/drafts/L-0200.md). Fresh seam lead-gen find.
L-0201,Landscape Avenue Ltd,not_found,SME,winter gritting / snow clearance,Milton Keynes / Northamptonshire,regional operator with two offices and listed accreditations,hello@landscapeavenue.co.uk,domain,landscapeavenue.co.uk,https://uk.linkedin.com/in/landscapeavenue,01908 849000 / 01604 648700,"schools, colleges, universities, council car parks and clients including Northampton Borough Council and schools",High,Explicit public-estate buyer fit plus winter/school grounds-maintenance contracts,https://www.landscapeavenue.co.uk/contact.php; https://www.landscapeavenue.co.uk/services/winter-gritting.php,verified,Not contacted,Draft ready (crm/drafts/L-0201.md). Fresh seam lead-gen find.
L-0202,WGS Waste Management Ltd,Louise Large,SME,hygiene / feminine waste / clinical waste,Kent / Sussex / South East,"independent regional waste operator; clinical, hygiene and offensive waste services",help@wgswaste.co.uk,domain,wgswaste.co.uk,https://uk.linkedin.com/company/wgs-clinical-services,01892 725609,"schools, clinics, care homes, nurseries, hospitals and vaccination centres hygiene and clinical waste services",High,"Clinical/offensive waste and sanitary disposal are compliance-heavy, with explicit public-sector-like site types",https://www.wgswaste.co.uk/areas-covered/sanitary-bin-services-croydon; https://www.wgswaste.co.uk/contact,verified,Not contacted,Draft ready (crm/drafts/L-0202.md). Fresh seam lead-gen find.
L-0203,Ecolution Group Ltd,not_found,SME,"renewable energy installation and maintenance, heating, solar, district heating",Kent / Norfolk / national,NFP lists 40 employees and GBP6.77m turnover,enquiries@ecolutiongroup.com,domain,ecolutiongroup.com,not_found,0330 324 7777,"public-sector renewables framework appointee; social, residential, commercial, private and public sectors",High,Framework-listed SME with public-sector and social-sector wording; likely procurement familiar,https://www.nationalframeworkpartnership.co.uk/supplier/ecolution-group-limited/; https://www.ecolutiongroup.com/contact/,verified,Not contacted,Draft ready (crm/drafts/L-0203.md). Fresh seam lead-gen find.
L-0204,Paynes Heating & Plumbing Services Ltd,not_found,SME,"heating, plumbing, solar PV, ventilation and renewables",South East / London,NFP lists 56 employees and GBP4.32m turnover,sales@paynes-heating.co.uk,domain,paynes-heating.co.uk,not_found,01825 891720,"NFP renewables framework appointee; MCS, Gas Safe, NICEIC, APHC, HETAS, OFTEC credentials",Medium,"Strong credentials and framework route, but limited explicit council/housing case evidence on own site",https://www.nationalframeworkpartnership.co.uk/supplier/paynes-heating-and-plumbing-services-limited/; https://www.paynes-heating.co.uk/contact-us.html,verified,Not contacted,Draft ready (crm/drafts/L-0204.md). Fresh seam lead-gen find.
L-0205,BF Engineering Services Ltd / BFES,not_found,SME,"commercial catering equipment, cold rooms, refrigeration, ventilation and service maintenance",Hampshire / South Coast,11-50 employee LinkedIn signal; founded 2000; regional engineering specialist,office@bfes.co.uk,domain,bfes.co.uk,https://uk.linkedin.com/company/bfes,02392 498080,"school, hospital and care-home catering equipment; design/install/service, cold rooms, refrigeration and accreditations",Medium,"Relevant and emailable, but a more established regional operator with likely slower cycle",https://bfes.co.uk/; https://bfes.co.uk/get-in-touch/; https://uk.linkedin.com/company/bfes,verified,Not contacted,Draft ready (crm/drafts/L-0205.md). Fresh seam lead-gen find.
L-0206,Extract Compliance Ltd,not_found,SME,"TR19 kitchen extraction cleaning, duct cleaning and ventilation hygiene",Chester / Shropshire / Cheshire,2-10 employee LinkedIn signal; founded 2018; specialist TR19 operator,info@extractcompliance.com,domain,extractcompliance.com,https://uk.linkedin.com/company/extract-compliance-tr19-ductwork-cleaning,0330-133-8231,"TR19 kitchen extraction/duct cleaning for care homes, schools and commercial kitchens; compliance reporting",Medium,"Excellent compliance fit and small operator, but public-sector bidding relevance is inferred from schools/care homes",https://extractcompliance.com/; https://extractcompliance.com/contact-us/; https://uk.linkedin.com/company/extract-compliance-tr19-ductwork-cleaning,verified,Not contacted,Draft ready (crm/drafts/L-0206.md). Fresh seam lead-gen find.
L-0207,AAC Roadmarkings Ltd,Daniel Ford,SME,line marking / school playground markings,Birmingham / England and Wales,"specialist road, school and car-park markings operator active since the 1990s",enquiries@aac-roadmarkings.co.uk,domain,aacroadmarkingsltd.co.uk,https://uk.linkedin.com/company/aac-roadmarkings-ltd,0121 244 1121,school playground markings and public-sector clients across England and Wales,Medium,"Clear public-sector fit, but generic inbox and fewer explicit tender/framework signals",https://aacroadmarkingsltd.co.uk/school-markings/,verified,Not contacted,Draft ready (crm/drafts/L-0207.md). Fresh seam lead-gen find.
L-0208,Sanaway Ltd,Graham Key,SME,washroom services / feminine hygiene / sharps and clinical waste,Hampshire / South of England,family-style washroom operator; DBS-cleared service staff; ISO/company documentation signals,info@sanaway.co.uk,domain,sanaway.co.uk,https://uk.linkedin.com/company/sanaway-ltd,0345 094 9495,"school testimonial signal, DBS-cleared staff, washroom/feminine hygiene plus sharps and clinical waste services",Medium,"Good school/compliance fit, but public-sector relevance is partly inferred rather than council/NHS-buyer explicit",https://www.sanaway.co.uk/contact/; https://www.sanaway.co.uk/washroom-services/feminine-hygiene/; https://www.sanaway.co.uk/,verified,Not contacted,Draft ready (crm/drafts/L-0208.md). Fresh seam lead-gen find.
L-0209,Cross Cut Shredding Ltd,not_found,SME,document shredding / secure destruction,Somerset / Dorset / Wiltshire,regional shredding operator; waste-carrier number; BS EN 15713 and DBS-checked staff signals,info@crosscutshredding.co.uk,domain,crosscutshredding.co.uk,https://uk.linkedin.com/company/cross-cut-sredding-ltd,01935 310616,"healthcare, education, government/public service secure destruction; certificates of destruction",Medium,"Evidence-heavy workflow, but public-sector relevance is sector-positioning rather than named clients",https://www.crosscutshredding.co.uk/services/business-shredding,verified,Not contacted,Draft ready (crm/drafts/L-0209.md). Fresh seam lead-gen find.
L-0210,Clearcut Confidential Waste,not_found,SME,document shredding / confidential waste,Dorset / Hampshire / Wiltshire,small regional confidential-waste operator with transparent local pricing,office@clearcutconfidentialwaste.co.uk,domain,clearcutconfidentialwaste.co.uk,not_found,01202 022409,"schools/education, local councils, healthcare, GP/dental practices and care homes sector pages",Medium,"Strong compliance need, but smaller/local and public-sector relevance is sector-page based",https://clearcutconfidentialwaste.co.uk/document-shredding-services-in-wiltshire-2/,verified,Not contacted,Draft ready (crm/drafts/L-0210.md). Fresh seam lead-gen find.
L-0211,The Bid Team,Daniel Atkins,Consultancy,consultancy,UK,bid consultancy with named contact email on official contact page,Daniel.Atkins@thebidteam.com,person,thebidteam.com,not_found,not_found,n/a,High,"Bid consultancy with named public email; strong first-wave email target",https://www.thebidteam.com/contact-us/,verified,Not contacted,New verified lead 2026-06-30; also contact@thebidteam.com available for generic route
L-0212,Bid Perfect,not_found,Consultancy,consultancy,UK,bid consultancy with official public enquiries email,enquiries@bidperfect.com,domain,bidperfect.com,not_found,not_found,n/a,High,"Bid consultancy with public email; recurring tender workflow and likely fast validation",https://www.bidperfect.com/contact-us/,verified,Not contacted,New verified lead 2026-06-30; founder/person not pinned yet
L-0213,Bidwriting.com,not_found,Consultancy,consultancy,UK,bid-writing service with public inbox,info@bidwriting.com,domain,bidwriting.com,not_found,not_found,n/a,Medium,"Relevant bid-writing service with public email, but buyer/person signal is thinner than the High consultancy rows",https://www.bidwriting.com/contact/,verified,Not contacted,New verified lead 2026-06-30; use as second-wave consultancy outreach
L-0214,Dals (formerly DA Languages),not_found,SME,translation and interpreting,Manchester / UK,"language-services provider; official public-sector page mentions councils and public-sector services",enquiries@dals.co.uk,domain,dals.co.uk,https://www.linkedin.com/company/da-languages,+441619282533,"public-sector translation and interpreting for councils and public bodies",Medium,"Procurement-heavy language-services seam with official email; larger than ideal, so score Medium",https://www.dalanguages.co.uk/contact-us/; https://www.dalanguages.co.uk/industries/public-sector/,verified,Not contacted,New verified lead 2026-06-30; strong demo hook around framework evidence and interpreter compliance
L-0215,Language Empire,not_found,SME,translation and interpreting,UK,language-services provider with official booking email,bookings@empire-groupuk.com,domain,language-empire.co.uk,not_found,not_found,public-sector language/interpreting procurement seam,Medium,"Translation/interpreting agencies face evidence-heavy public contracts; official email found, public-sector fit still needs a tighter tender pairing",https://www.language-empire.co.uk/contact-us/,verified,Not contacted,New verified lead 2026-06-30; find recent council/NHS language-services tender before outreach
L-0216,Cintra Language Services Group,not_found,SME,translation and interpreting,Cambridge / UK,language-services group with public email,cintra@cintra.org.uk,domain,cintra.org.uk,not_found,not_found,public-sector language/interpreting procurement seam,Medium,"Relevant interpreting/translation provider with public email, but public-sector buyer proof was not explicit on fetched page",https://www.cintra.org.uk/,verified,Not contacted,New verified lead 2026-06-30; needs tender pairing before send
L-0217,AWA Tree Consultants,not_found,SME,arboriculture / tree surveys,UK,chartered tree surveyors; official site references planning and local-authority contexts,info@awatrees.com,domain,awatrees.com,not_found,not_found,"tree surveys, planning and local-authority arboriculture requirements",Medium,"Arboriculture tenders are evidence-heavy, but public-sector proof is mostly local-authority/planning cue rather than named awards",https://www.awatrees.com/contact/; https://www.awatrees.com/,verified,Not contacted,New verified lead 2026-06-30; use only with a council tree-survey tender
L-0218,Mastered,not_found,SME,training / skills bootcamps,UK,fully funded bootcamps; official page references government and Department for Education funding,hello@mastered.com,domain,mastered.com,not_found,not_found,"DfE-funded skills bootcamps / training procurement seam",Medium,"Training-provider fit with public funding signal and public email; likely useful for a Skills Bootcamp tender demo",https://www.mastered.com/contact/; https://www.mastered.com/,verified,Not contacted,New verified lead 2026-06-30; second-wave training-provider outreach
